Workbook
Name SLA_High: Configuration!$B$8
Name SLA_Medium: Configuration!$B$9
Name SLA_Low: Configuration!$B$10
Name List_Categories: 'Categories'!$A$2:$A$9
Name List_Engineers: 'Users'!$A$2:$A$5
Name List_Status: 'Users'!$F$2:$F$7
Name List_Priority: 'Users'!$G$2:$G$4
Name List_Department: 'Users'!$H$2:$H$9
Name List_Escalation: 'Users'!$I$2:$I$5
Name List_Resolution: 'Users'!$J$2:$J$10
Name List_ClosureReason: 'Users'!$K$2:$K$7
Name List_ProcessingStage: 'Users'!$L$2:$L$5
Name List_AckSent: 'Users'!$M$2:$M$3
Name List_AIPriority: 'Users'!$N$2:$N$5

Sheet Dashboard
A1: IT Support — Operations Dashboard
A3: Metric | B3: Value | D3: Status | E3: Count | G3: Priority | H3: Count
A4: Total Tickets | B4: =COUNTA(Tickets!$A$2:$A$5000) | D4: New | E4: =COUNTIF(Tickets!$L$2:$L$5000,"New") | G4: High | H4: =COUNTIF(Tickets!$I$2:$I$5000,"High")
A5: Open (New+Open) | B5: =COUNTIF(Tickets!$L$2:$L$5000,"New")+COUNTIF(Tickets!$L$2:$L$5000,"Open") | D5: Open | E5: =COUNTIF(Tickets!$L$2:$L$5000,"Open") | G5: Medium | H5: =COUNTIF(Tickets!$I$2:$I$5000,"Medium")
A6: In Progress | B6: =COUNTIF(Tickets!$L$2:$L$5000,"In Progress") | D6: In Progress | E6: =COUNTIF(Tickets!$L$2:$L$5000,"In Progress") | G6: Low | H6: =COUNTIF(Tickets!$I$2:$I$5000,"Low")
A7: Pending | B7: =COUNTIF(Tickets!$L$2:$L$5000,"Pending") | D7: Pending | E7: =COUNTIF(Tickets!$L$2:$L$5000,"Pending")
A8: Needs Review | B8: =COUNTIF(Tickets!$L$2:$L$5000,"Needs Review") | D8: Needs Review | E8: =COUNTIF(Tickets!$L$2:$L$5000,"Needs Review")
A9: Closed | B9: =COUNTIF(Tickets!$L$2:$L$5000,"Closed") | D9: Closed | E9: =COUNTIF(Tickets!$L$2:$L$5000,"Closed")
A10: High Priority Open | B10: =COUNTIFS(Tickets!$I$2:$I$5000,"High",Tickets!$L$2:$L$5000,"<>Closed")
A11: Unassigned | B11: =COUNTIF(Tickets!$M$2:$M$5000,"Unassigned")
A12: Avg Age (Open Days) | B12: =IFERROR(AVERAGEIF(Tickets!$L$2:$L$5000,"<>Closed",Tickets!$AE$2:$AE$5000),0)
A25: Engineer Workload (non-closed)
A26: Engineer | B26: Open Tickets
A27: Unassigned | B27: =COUNTIFS(Tickets!$M$2:$M$5000,A27,Tickets!$L$2:$L$5000,"<>Closed")
A28: Rushak Pachpande | B28: =COUNTIFS(Tickets!$M$2:$M$5000,A28,Tickets!$L$2:$L$5000,"<>Closed")
A29: IT Engineer 1 | B29: =COUNTIFS(Tickets!$M$2:$M$5000,A29,Tickets!$L$2:$L$5000,"<>Closed")
A30: IT Engineer 2 | B30: =COUNTIFS(Tickets!$M$2:$M$5000,A30,Tickets!$L$2:$L$5000,"<>Closed")

Sheet Tickets
A1: Ticket ID | B1: Created Date | C1: Created Time | D1: Requester Name | E1: Requester Email | F1: CC Emails | G1: Subject | H1: Email Body | I1: Priority | J1: Category | K1: Department | L1: Status | M1: Assigned Engineer | N1: Conversation ID | O1: Internet Message ID | P1: Conversation Index | Q1: Message Id | R1: Folder | S1: Last Updated | T1: Closed Date | U1: Resolution Notes | V1: Internal Remarks | W1: Escalation Level | X1: Resolution | Y1: Closure Reason | Z1: Processing Stage | AA1: Ack Sent | AB1: AI Issue Summary | AC1: AI Priority | AD1: AI Scope | AE1: Ticket Age Days | AF1: SLA Remaining Hours
A2: NGI-310726-A7K9 | B2: 46233 | C2: 09:15 AM | D2: Priya Sharma | E2: priya.sharma@nextgeninnov8.com | F2: manager@nextgeninnov8.com | G2: Cannot access VPN | H2: VPN client fails with error 809 after Windows update. | I2: High | J2: Network | K2: Engineering | L2: Open | M2: Rushak Pachpande | N2: AAQkAGSampleConv001 | O2: <msg-sample-001@mail.outlook.com> | Q2: AAMkAGSampleMsg001 | R2: Open Tickets | S2: 46234 | V2: Waiting on firewall team | W2: L1 | Z2: Complete | AA2: Yes | AB2: VPN connection fails with error 809 after a Windows update. | AC2: High | AD2: VPN client / Engineering user Priya Sharma | AE2: =IF(A2="","",IF(L2="Closed",IF(T2="",0,MAX(0,T2-B2)),MAX(0,TODAY()-B2))) | AF2: =IF(OR(A2="",L2="Closed"),"",IF(I2="High",SLA_High,IF(I2="Low",SLA_Low,SLA_Medium))-AE2*24)
A3: NGI-300726-4PXM | B3: 46232 | C3: 02:40 PM | D3: Amit Patel | E3: amit.patel@nextgeninnov8.com | G3: Outlook search not working | H3: Search returns no results for recent emails. | I3: Medium | J3: Email | K3: Sales | L3: In Progress | M3: IT Engineer 1 | N3: AAQkAGSampleConv002 | O3: <msg-sample-002@mail.outlook.com> | Q3: AAMkAGSampleMsg002 | R3: Open Tickets | S3: 46235 | V3: Rebuilding Outlook index | W3: L1 | Z3: Complete | AA3: Yes | AB3: Outlook search returns no results for recent mail. | AC3: Medium | AD3: Outlook / Sales user Amit Patel | AE3: =IF(A3="","",IF(L3="Closed",IF(T3="",0,MAX(0,T3-B3)),MAX(0,TODAY()-B3))) | AF3: =IF(OR(A3="",L3="Closed"),"",IF(I3="High",SLA_High,IF(I3="Low",SLA_Low,SLA_Medium))-AE3*24)
A4: NGI-280726-X2Q8 | B4: 46230 | C4: 11:05 AM | D4: Neha Gupta | E4: neha.gupta@nextgeninnov8.com | F4: hr@nextgeninnov8.com | G4: New laptop setup request | H4: Need Windows 11 laptop setup for new joiner starting Monday. | I4: Low | J4: Hardware | K4: HR | L4: Closed | M4: IT Engineer 2 | N4: AAQkAGSampleConv003 | O4: <msg-sample-003@mail.outlook.com> | Q4: AAMkAGSampleMsg003 | R4: Processed | S4: 46234 | T4: 46234 | U4: Laptop imaged and delivered | W4: L1 | X4: Resolved - Onsite | Y4: Completed | Z4: Complete | AA4: Yes | AB4: Request for Windows 11 laptop setup for a new joiner. | AC4: Low | AD4: Laptop / HR new joiner | AE4: =IF(A4="","",IF(L4="Closed",IF(T4="",0,MAX(0,T4-B4)),MAX(0,TODAY()-B4))) | AF4: =IF(OR(A4="",L4="Closed"),"",IF(I4="High",SLA_High,IF(I4="Low",SLA_Low,SLA_Medium))-AE4*24)

Sheet Configuration
A1: IT Support Ticketing — Configuration
A3: Setting | B3: Value
A4: Company Prefix | B4: NGI
A5: Support Mailbox | B5: itsupport@nextgeninnov8.com
A6: Admin Alert Email | B6: it-admin@nextgeninnov8.com
A7: Expected Response Hours | B7: 24
A8: SLA High Hours | B8: 4
A9: SLA Medium Hours | B9: 24
A10: SLA Low Hours | B10: 72
A11: Ack Expected Response Text | B11: Our support team will follow up on this thread within 1 business day.
A12: Timezone | B12: Asia/Kolkata
A13: Workbook Version | B13: 2.0
A14: Generated At | B14: 2026-08-01 01:10:46
A16: Notes
A17: Upload this workbook to OneDrive/SharePoint under the IT Support account. In n8n Excel nodes, reselect this workbook and the ITTickets / AuditLog tables after upload (workbook and table IDs are tenant-specific). CreatedDate / ClosedDate are real Excel dates (display dd-mm-yyyy). Processing Stage / Ack Sent enable fault-tolerant resume; AI columns hold LLM summaries. Outlook folders: Inbox, Open Tickets, Processed.

Sheet Categories
A1: Category
A2: Hardware
A3: Software
A4: Network
A5: Email
A6: Access / Accounts
A7: Security
A8: Printer
A9: Other

Sheet Users
A1: DisplayName | B1: Email | C1: Role | D1: Active | F1: StatusList | G1: PriorityList | H1: DepartmentList | I1: EscalationList | J1: ResolutionList | K1: ClosureReasonList | L1: ProcessingStageList | M1: AckSentList | N1: AIPriorityList
A2: Rushak Pachpande | B2: rushak@nextgeninnov8.com | C2: Lead | D2: Yes | F2: New | G2: High | H2: IT | I2: L1 | J2: Resolved - User Assisted | K2: Completed | L2: Created | M2: Yes | N2: Critical
A3: IT Engineer 1 | B3: engineer1@nextgeninnov8.com | C3: Engineer | D3: Yes | F3: Open | G3: Medium | H3: HR | I3: L2 | J3: Resolved - Remote Fix | K3: Cancelled by User | L3: Acked | M3: No | N3: High
A4: IT Engineer 2 | B4: engineer2@nextgeninnov8.com | C4: Engineer | D4: Yes | F4: In Progress | G4: Low | H4: Finance | I4: L3 | J4: Resolved - Onsite | K4: Duplicate Ticket | L4: Complete | N4: Medium
A5: Unassigned | C5: Placeholder | D5: Yes | F5: Pending | H5: Sales | I5: Management | J5: Resolved - Password Reset | K5: No Response from User | L5: NeedsReview | N5: Low
F6: Needs Review | H6: Operations | J6: Resolved - Access Granted | K6: Out of Scope
F7: Closed | H7: Marketing | J7: Duplicate | K7: Other
H8: Engineering | J8: Not Reproducible
H9: Other | J9: Escalated Externally
J10: Other

Sheet Audit Log
A1: Timestamp | B1: Event | C1: Ticket ID | D1: Conversation ID | E1: Message Id | F1: Detail
A2: 2026-08-01 01:10:46 | B2: ticket_created | C2: NGI-310726-A7K9 | D2: AAQkAGSampleConv001 | E2: AAMkAGSampleMsg001 | F2: Sample audit entry — safe to delete

Sheet Reports
A1: Monthly / Trend Reports
A3: Category Statistics | D3: Department Statistics
A4: Category | B4: Ticket Count | D4: Department | E4: Ticket Count
A5: Hardware | B5: =COUNTIF(Tickets!$J$2:$J$5000,A5) | D5: IT | E5: =COUNTIF(Tickets!$K$2:$K$5000,D5)
A6: Software | B6: =COUNTIF(Tickets!$J$2:$J$5000,A6) | D6: HR | E6: =COUNTIF(Tickets!$K$2:$K$5000,D6)
A7: Network | B7: =COUNTIF(Tickets!$J$2:$J$5000,A7) | D7: Finance | E7: =COUNTIF(Tickets!$K$2:$K$5000,D7)
A8: Email | B8: =COUNTIF(Tickets!$J$2:$J$5000,A8) | D8: Sales | E8: =COUNTIF(Tickets!$K$2:$K$5000,D8)
A9: Access / Accounts | B9: =COUNTIF(Tickets!$J$2:$J$5000,A9) | D9: Operations | E9: =COUNTIF(Tickets!$K$2:$K$5000,D9)
A10: Security | B10: =COUNTIF(Tickets!$J$2:$J$5000,A10) | D10: Marketing | E10: =COUNTIF(Tickets!$K$2:$K$5000,D10)
A11: Printer | B11: =COUNTIF(Tickets!$J$2:$J$5000,A11) | D11: Engineering | E11: =COUNTIF(Tickets!$K$2:$K$5000,D11)
A12: Other | B12: =COUNTIF(Tickets!$J$2:$J$5000,A12) | D12: Other | E12: =COUNTIF(Tickets!$K$2:$K$5000,D12)
A16: Closed / Open totals
A17: Note: CreatedDate is a real Excel date — filter or pivot by month as needed.
A18: Closed Count (all time) | B18: =COUNTIF(Tickets!$L$2:$L$5000,"Closed")
A19: Open Count (all non-closed) | B19: =COUNTA(Tickets!$A$2:$A$5000)-COUNTIF(Tickets!$L$2:$L$5000,"Closed")
